manju ,naga ,manju,n  jma@gmail.com ,11111 ,Ameerpet,Hyd,India ,26 August 2016 - 12:02 am
Arunachalam ,A ,Arun,amniua@gmail.com ,9999999 ,Mairpet, Bangalore,India. ,26 August 2016 - 12:34 am
Arunachalam ,A ,Arun,asda@gmail.com ,33333 ,Mairpet, Bangalore,India. ,26 August 2016 - 12:36 am
aaaaa ,bbbbb ,aaaaa,bhyyfa@gmail.com ,2222222 ,Amberpet,Hyderabad,India ,26 August 2016 - 12:45 am
cccccc ,sssss ,ccccc,saddc@gmail.com ,33333 ,Amberpet,Hyderabad,India ,26 August 2016 - 12:48 am
cccccc ,sssss ,ccccc,sdsdc@gmail.com ,9999999 ,Amberpet,Hyderabad,India ,26 August 2016 - 12:51 am
cccccc ,sssss ,ccccc,asdfgc@gmail.com ,9999999 ,Amberpet,Hyderabad,India ,26 August 2016 - 12:52 am
ccccccs ,sssss ,ccccc,sdasfma@gmail.com ,9999999 ,Amberpet,Hyderabad,India ,26 August 2016 - 12:54 am
Bhamara ,Koutha ,Bhramara,bhramarab@gmail.com ,9999999 ,Amberpet,Hyderabad,India ,26 August 2016 - 4:07 pm
Saraswati ,Chintalapati ,saraswati,sarass@gmail.com ,12345678 ,Amberpet,Hyderabad,India` ,26 August 2016 - 4:21 pm
